emp_id,Name,Age,Gender,Salary,Designation,Dept_id
1201,gopal,45,Male,50000,AM,D001
1202,manisha,40,Female,50000,AM,D002
1203,khalil,27,Male,30000,SSE,D001
1204,prasanth,28,Male,30000,SSE,D002
1205,kiran,29,Male,40000,Lead,D003
1206,laxmi,29,Female,35000,Lead,D004
1207,bhavya,24,Female,15000,ASE,D001
1208,reshma,24,Female,15000,ASE,D002
1209,kranthi,25,Male,22000,SE,D003
1210,Satish,26,Male,25000,SE,D004
1211,Krishna,26,Male,25000,SE,D004
1212,Arshad,23,Male,20000,ASE,D001
1213,lavanya,24,Female,18000,ASE,D003
1214,Abhilasa,23,Female,15000,ASE
1215,Atul,24,Male,18000,ASE